{
    "http_code": 200,
    "response": {
        "meta": {
            "num_bad_records": 0,
            "totalCount": 14
        },
        "data": [
            {
                "attributes": {
                    "hostName": "",
                    "mid": [
                        756858
                    ],
                    "isCompleteData": "N\/A",
                    "messageStatus": {
                        "756858": "Quarantined by Content Filters"
                    },
                    "recipientMap": {
                        "756858": [
                            "test@thunderpk.com"
                        ]
                    },
                    "senderIp": "209.85.208.54",
                    "mailPolicy": [
                        "Blacklist Sender Domain"
                    ],
                    "senderGroup": "GOOD_SENDER",
                    "subject": "Test Email for Bulk Sending",
                    "friendly_from": [
                        "tehreem.fatyma@gmail.com"
                    ],
                    "senderDomain": "gmail.com",
                    "direction": "incoming",
                    "icid": 48760,
                    "morDetails": [],
                    "replyTo": "N\/A",
                    "timestamp": "31 Oct 2024 16:35:48 (GMT +05:00)",
                    "messageID": {
                        "756858": "<67236b91.a70a0220.100978.16bf@mx.google.com>"
                    },
                    "verdictChart": {
                        "756858": "06100100"
                    },
                    "recipient": [
                        "test@thunderpk.com"
                    ],
                    "sender": "tehreem.fatyma@gmail.com",
                    "serialNumber": "13B1D19716DF634899CB-4E38A17AAE6E",
                    "allIcid": [
                        48760
                    ],
                    "sbrs": "2.4"
                }
            },
            {
                "attributes": {
                    "hostName": "",
                    "mid": [
                        756857
                    ],
                    "isCompleteData": "N\/A",
                    "messageStatus": {
                        "756857": "Quarantined by Content Filters"
                    },
                    "recipientMap": {
                        "756857": [
                            "abc@thunderpk.com"
                        ]
                    },
                    "senderIp": "209.85.218.52",
                    "mailPolicy": [
                        "Blacklist Sender Domain"
                    ],
                    "senderGroup": "GOOD_SENDER",
                    "subject": "Test Email for Bulk Sending",
                    "friendly_from": [
                        "tehreem.fatyma@gmail.com"
                    ],
                    "senderDomain": "gmail.com",
                    "direction": "incoming",
                    "icid": 48759,
                    "morDetails": [],
                    "replyTo": "N\/A",
                    "timestamp": "31 Oct 2024 16:35:48 (GMT +05:00)",
                    "messageID": {
                        "756857": "<67236b91.170a0220.3947a0.19f9@mx.google.com>"
                    },
                    "verdictChart": {
                        "756857": "06100100"
                    },
                    "recipient": [
                        "abc@thunderpk.com"
                    ],
                    "sender": "tehreem.fatyma@gmail.com",
                    "serialNumber": "13B1D19716DF634899CB-4E38A17AAE6E",
                    "allIcid": [
                        48759
                    ],
                    "sbrs": "2.4"
                }
            },
            {
                "attributes": {
                    "hostName": "",
                    "mid": [
                        756856
                    ],
                    "isCompleteData": "N\/A",
                    "messageStatus": {
                        "756856": "Quarantined by Content Filters"
                    },
                    "recipientMap": {
                        "756856": [
                            "abc@thunderpk.com"
                        ]
                    },
                    "senderIp": "209.85.218.44",
                    "mailPolicy": [
                        "Blacklist Sender Domain"
                    ],
                    "senderGroup": "GOOD_SENDER",
                    "subject": "Test Email for Bulk Sending",
                    "friendly_from": [
                        "tehreem.fatyma@gmail.com"
                    ],
                    "senderDomain": "gmail.com",
                    "direction": "incoming",
                    "icid": 48756,
                    "morDetails": [],
                    "replyTo": "N\/A",
                    "timestamp": "31 Oct 2024 16:24:14 (GMT +05:00)",
                    "messageID": {
                        "756856": "<672368db.170a0220.187d8b.190c@mx.google.com>"
                    },
                    "verdictChart": {
                        "756856": "06100100"
                    },
                    "recipient": [
                        "abc@thunderpk.com"
                    ],
                    "sender": "tehreem.fatyma@gmail.com",
                    "serialNumber": "13B1D19716DF634899CB-4E38A17AAE6E",
                    "allIcid": [
                        48756
                    ],
                    "sbrs": "2.4"
                }
            },
            {
                "attributes": {
                    "hostName": "",
                    "mid": [
                        756855
                    ],
                    "isCompleteData": "N\/A",
                    "messageStatus": {
                        "756855": "Quarantined by Content Filters"
                    },
                    "recipientMap": {
                        "756855": [
                            "test@thunderpk.com"
                        ]
                    },
                    "senderIp": "209.85.218.50",
                    "mailPolicy": [
                        "Blacklist Sender Domain"
                    ],
                    "senderGroup": "GOOD_SENDER",
                    "subject": "Test Email for Bulk Sending",
                    "friendly_from": [
                        "tehreem.fatyma@gmail.com"
                    ],
                    "senderDomain": "gmail.com",
                    "direction": "incoming",
                    "icid": 48755,
                    "morDetails": [],
                    "replyTo": "N\/A",
                    "timestamp": "31 Oct 2024 16:24:14 (GMT +05:00)",
                    "messageID": {
                        "756855": "<672368db.170a0220.2cad20.19b6@mx.google.com>"
                    },
                    "verdictChart": {
                        "756855": "06100100"
                    },
                    "recipient": [
                        "test@thunderpk.com"
                    ],
                    "sender": "tehreem.fatyma@gmail.com",
                    "serialNumber": "13B1D19716DF634899CB-4E38A17AAE6E",
                    "allIcid": [
                        48755
                    ],
                    "sbrs": "2.9"
                }
            },
            {
                "attributes": {
                    "hostName": "",
                    "mid": [
                        756854
                    ],
                    "isCompleteData": "N\/A",
                    "messageStatus": {
                        "756854": "Quarantined by Content Filters"
                    },
                    "recipientMap": {
                        "756854": [
                            "test@thunderpk.com"
                        ]
                    },
                    "senderIp": "209.85.167.51",
                    "mailPolicy": [
                        "Blacklist Sender Domain"
                    ],
                    "senderGroup": "GOOD_SENDER",
                    "subject": "Test Email for Bulk Sending",
                    "friendly_from": [
                        "tehreem.fatyma@gmail.com"
                    ],
                    "senderDomain": "gmail.com",
                    "direction": "incoming",
                    "icid": 48753,
                    "morDetails": [],
                    "replyTo": "N\/A",
                    "timestamp": "31 Oct 2024 16:14:35 (GMT +05:00)",
                    "messageID": {
                        "756854": "<67236698.170a0220.1ece6.1c81@mx.google.com>"
                    },
                    "verdictChart": {
                        "756854": "06100100"
                    },
                    "recipient": [
                        "test@thunderpk.com"
                    ],
                    "sender": "tehreem.fatyma@gmail.com",
                    "serialNumber": "13B1D19716DF634899CB-4E38A17AAE6E",
                    "allIcid": [
                        48753
                    ],
                    "sbrs": "2.9"
                }
            },
            {
                "attributes": {
                    "hostName": "",
                    "mid": [
                        756853
                    ],
                    "isCompleteData": "N\/A",
                    "messageStatus": {
                        "756853": "Quarantined by Content Filters"
                    },
                    "recipientMap": {
                        "756853": [
                            "abc@thunderpk.com"
                        ]
                    },
                    "senderIp": "209.85.208.170",
                    "mailPolicy": [
                        "Blacklist Sender Domain"
                    ],
                    "senderGroup": "GOOD_SENDER",
                    "subject": "Test Email for Bulk Sending",
                    "friendly_from": [
                        "tehreem.fatyma@gmail.com"
                    ],
                    "senderDomain": "gmail.com",
                    "direction": "incoming",
                    "icid": 48752,
                    "morDetails": [],
                    "replyTo": "N\/A",
                    "timestamp": "31 Oct 2024 16:14:35 (GMT +05:00)",
                    "messageID": {
                        "756853": "<67236698.a70a0220.2d0204.145e@mx.google.com>"
                    },
                    "verdictChart": {
                        "756853": "06100100"
                    },
                    "recipient": [
                        "abc@thunderpk.com"
                    ],
                    "sender": "tehreem.fatyma@gmail.com",
                    "serialNumber": "13B1D19716DF634899CB-4E38A17AAE6E",
                    "allIcid": [
                        48752
                    ],
                    "sbrs": "2.4"
                }
            },
            {
                "attributes": {
                    "hostName": "",
                    "mid": [
                        756852
                    ],
                    "isCompleteData": "N\/A",
                    "messageStatus": {
                        "756852": "Quarantined by Content Filters"
                    },
                    "recipientMap": {
                        "756852": [
                            "abc@thunderpk.com"
                        ]
                    },
                    "senderIp": "209.85.218.44",
                    "mailPolicy": [
                        "Blacklist Sender Domain"
                    ],
                    "senderGroup": "GOOD_SENDER",
                    "subject": "Test Email for Bulk Sending",
                    "friendly_from": [
                        "tehreem.fatyma@gmail.com"
                    ],
                    "senderDomain": "gmail.com",
                    "direction": "incoming",
                    "icid": 48751,
                    "morDetails": [],
                    "replyTo": "N\/A",
                    "timestamp": "31 Oct 2024 16:13:14 (GMT +05:00)",
                    "messageID": {
                        "756852": "<67236646.170a0220.3813e2.1a46@mx.google.com>"
                    },
                    "verdictChart": {
                        "756852": "06100100"
                    },
                    "recipient": [
                        "abc@thunderpk.com"
                    ],
                    "sender": "tehreem.fatyma@gmail.com",
                    "serialNumber": "13B1D19716DF634899CB-4E38A17AAE6E",
                    "allIcid": [
                        48751
                    ],
                    "sbrs": "2.4"
                }
            },
            {
                "attributes": {
                    "hostName": "",
                    "mid": [
                        756851
                    ],
                    "isCompleteData": "N\/A",
                    "messageStatus": {
                        "756851": "Quarantined by Content Filters"
                    },
                    "recipientMap": {
                        "756851": [
                            "test@thunderpk.com"
                        ]
                    },
                    "senderIp": "209.85.218.48",
                    "mailPolicy": [
                        "Blacklist Sender Domain"
                    ],
                    "senderGroup": "GOOD_SENDER",
                    "subject": "Test Email for Bulk Sending",
                    "friendly_from": [
                        "tehreem.fatyma@gmail.com"
                    ],
                    "senderDomain": "gmail.com",
                    "direction": "incoming",
                    "icid": 48750,
                    "morDetails": [],
                    "replyTo": "N\/A",
                    "timestamp": "31 Oct 2024 16:13:13 (GMT +05:00)",
                    "messageID": {
                        "756851": "<67236646.170a0220.85778.1a1c@mx.google.com>"
                    },
                    "verdictChart": {
                        "756851": "06100100"
                    },
                    "recipient": [
                        "test@thunderpk.com"
                    ],
                    "sender": "tehreem.fatyma@gmail.com",
                    "serialNumber": "13B1D19716DF634899CB-4E38A17AAE6E",
                    "allIcid": [
                        48750
                    ],
                    "sbrs": "2.4"
                }
            },
            {
                "attributes": {
                    "hostName": "",
                    "mid": [
                        756850
                    ],
                    "isCompleteData": "N\/A",
                    "messageStatus": {
                        "756850": "Quarantined by Content Filters"
                    },
                    "recipientMap": {
                        "756850": [
                            "test@thunderpk.com"
                        ]
                    },
                    "senderIp": "209.85.218.54",
                    "mailPolicy": [
                        "Blacklist Sender Domain"
                    ],
                    "senderGroup": "GOOD_SENDER",
                    "subject": "Test Email for Bulk Sending",
                    "friendly_from": [
                        "tehreem.fatyma@gmail.com"
                    ],
                    "senderDomain": "gmail.com",
                    "direction": "incoming",
                    "icid": 48748,
                    "morDetails": [],
                    "replyTo": "N\/A",
                    "timestamp": "31 Oct 2024 16:10:11 (GMT +05:00)",
                    "messageID": {
                        "756850": "<67236591.170a0220.2aa77c.1a6e@mx.google.com>"
                    },
                    "verdictChart": {
                        "756850": "06100100"
                    },
                    "recipient": [
                        "test@thunderpk.com"
                    ],
                    "sender": "tehreem.fatyma@gmail.com",
                    "serialNumber": "13B1D19716DF634899CB-4E38A17AAE6E",
                    "allIcid": [
                        48748
                    ],
                    "sbrs": "2.4"
                }
            },
            {
                "attributes": {
                    "hostName": "",
                    "mid": [
                        756849
                    ],
                    "isCompleteData": "N\/A",
                    "messageStatus": {
                        "756849": "Quarantined by Content Filters"
                    },
                    "recipientMap": {
                        "756849": [
                            "test@thunderpk.com"
                        ]
                    },
                    "senderIp": "209.85.208.172",
                    "mailPolicy": [
                        "Blacklist Sender Domain"
                    ],
                    "senderGroup": "GOOD_SENDER",
                    "subject": "Test Email for Bulk Sending",
                    "friendly_from": [
                        "tehreem.fatyma@gmail.com"
                    ],
                    "senderDomain": "gmail.com",
                    "direction": "incoming",
                    "icid": 48747,
                    "morDetails": [],
                    "replyTo": "N\/A",
                    "timestamp": "31 Oct 2024 16:09:59 (GMT +05:00)",
                    "messageID": {
                        "756849": "<67236583.170a0220.3d5b8d.1933@mx.google.com>"
                    },
                    "verdictChart": {
                        "756849": "06100100"
                    },
                    "recipient": [
                        "test@thunderpk.com"
                    ],
                    "sender": "tehreem.fatyma@gmail.com",
                    "serialNumber": "13B1D19716DF634899CB-4E38A17AAE6E",
                    "allIcid": [
                        48747
                    ],
                    "sbrs": "2.9"
                }
            },
            {
                "attributes": {
                    "hostName": "",
                    "mid": [
                        756848
                    ],
                    "isCompleteData": "N\/A",
                    "messageStatus": {
                        "756848": "Quarantined by Content Filters"
                    },
                    "recipientMap": {
                        "756848": [
                            "test@thunderpk.com"
                        ]
                    },
                    "senderIp": "209.85.218.54",
                    "mailPolicy": [
                        "Blacklist Sender Domain"
                    ],
                    "senderGroup": "GOOD_SENDER",
                    "subject": "Test Email for Bulk Sending",
                    "friendly_from": [
                        "tehreem.fatyma@gmail.com"
                    ],
                    "senderDomain": "gmail.com",
                    "direction": "incoming",
                    "icid": 48746,
                    "morDetails": [],
                    "replyTo": "N\/A",
                    "timestamp": "31 Oct 2024 16:08:53 (GMT +05:00)",
                    "messageID": {
                        "756848": "<67236542.170a0220.3813e2.1a0a@mx.google.com>"
                    },
                    "verdictChart": {
                        "756848": "06100100"
                    },
                    "recipient": [
                        "test@thunderpk.com"
                    ],
                    "sender": "tehreem.fatyma@gmail.com",
                    "serialNumber": "13B1D19716DF634899CB-4E38A17AAE6E",
                    "allIcid": [
                        48746
                    ],
                    "sbrs": "2.4"
                }
            },
            {
                "attributes": {
                    "hostName": "",
                    "mid": [
                        756847
                    ],
                    "isCompleteData": "N\/A",
                    "messageStatus": {
                        "756847": "Quarantined by Content Filters"
                    },
                    "recipientMap": {
                        "756847": [
                            "test@thunderpk.com"
                        ]
                    },
                    "senderIp": "209.85.218.41",
                    "mailPolicy": [
                        "Blacklist Sender Domain"
                    ],
                    "senderGroup": "GOOD_SENDER",
                    "subject": "Automated Email Notification",
                    "friendly_from": [
                        "tehreem.fatyma@gmail.com"
                    ],
                    "senderDomain": "gmail.com",
                    "direction": "incoming",
                    "icid": 48737,
                    "morDetails": [],
                    "replyTo": "N\/A",
                    "timestamp": "31 Oct 2024 15:17:38 (GMT +05:00)",
                    "messageID": {
                        "756847": "<6723593f.170a0220.26380b.171a@mx.google.com>"
                    },
                    "verdictChart": {
                        "756847": "06100100"
                    },
                    "recipient": [
                        "test@thunderpk.com"
                    ],
                    "sender": "tehreem.fatyma@gmail.com",
                    "serialNumber": "13B1D19716DF634899CB-4E38A17AAE6E",
                    "allIcid": [
                        48737
                    ],
                    "sbrs": "2.4"
                }
            },
            {
                "attributes": {
                    "hostName": "",
                    "friendly_from": [
                        "tehreem.fatyma@gmail.com"
                    ],
                    "isCompleteData": "N\/A",
                    "messageStatus": {
                        "756845": "Quarantined by Content Filters"
                    },
                    "recipientMap": {
                        "756845": [
                            "test@thunderpk.com"
                        ]
                    },
                    "senderIp": "209.85.218.53",
                    "mailPolicy": [
                        "Blacklist Sender Domain"
                    ],
                    "senderGroup": "GOOD_SENDER",
                    "subject": "test email",
                    "mid": [
                        756845
                    ],
                    "senderDomain": "gmail.com",
                    "finalSubject": {
                        "756845": "test email"
                    },
                    "direction": "incoming",
                    "icid": 48489,
                    "morDetails": [],
                    "replyTo": "N\/A",
                    "timestamp": "29 Oct 2024 14:01:28 (GMT +05:00)",
                    "messageID": {
                        "756845": "<CAOEWgsVxudJER4LuHdZHeP6BMO9fwC0QBn8Bt4jVbpGRojd9Rg@mail.gmail.com>"
                    },
                    "verdictChart": {
                        "756845": "06100100"
                    },
                    "recipient": [
                        "test@thunderpk.com"
                    ],
                    "sender": "tehreem.fatyma@gmail.com",
                    "serialNumber": "13B1D19716DF634899CB-4E38A17AAE6E",
                    "allIcid": [
                        48489
                    ],
                    "sbrs": "2.4"
                }
            },
            {
                "attributes": {
                    "hostName": "",
                    "mid": [
                        756844
                    ],
                    "isCompleteData": "N\/A",
                    "messageStatus": {
                        "756844": "Quarantined by Content Filters"
                    },
                    "recipientMap": {
                        "756844": [
                            "abc@thunderpk.com"
                        ]
                    },
                    "senderIp": "209.85.218.44",
                    "mailPolicy": [
                        "Blacklist Sender Domain"
                    ],
                    "senderGroup": "GOOD_SENDER",
                    "subject": "tsets",
                    "friendly_from": [
                        "tehreem.fatyma@gmail.com"
                    ],
                    "senderDomain": "gmail.com",
                    "direction": "incoming",
                    "icid": 48488,
                    "morDetails": [],
                    "replyTo": "N\/A",
                    "timestamp": "29 Oct 2024 14:01:17 (GMT +05:00)",
                    "messageID": {
                        "756844": "<CAOEWgsVj7a6eXU3hUmxV=wayH-UYmv+jzLcA-zEUgfPQb7j4QA@mail.gmail.com>"
                    },
                    "verdictChart": {
                        "756844": "06100100"
                    },
                    "recipient": [
                        "abc@thunderpk.com"
                    ],
                    "sender": "tehreem.fatyma@gmail.com",
                    "serialNumber": "13B1D19716DF634899CB-4E38A17AAE6E",
                    "allIcid": [
                        48488
                    ],
                    "sbrs": "2.9"
                }
            }
        ]
    }
}